time,cpu_index
432,234.65664499751995
433,216.92720852123466
434,243.69300227436335
