time,cpu_index
429,343.75790441033536
430,430.96603954977087
431,397.03982253915547
432,504.0223376531063
433,397.096847664982
434,435.54845827506733
