time,cpu_index
432,327.39485166675576
433,276.4071140272451
434,335.5621398956626
