time,cpu_index
429,248.36281546310275
430,243.36878629821686
431,195.53860604974514
432,222.93720738878733
433,190.77482905950563
434,240.9263730616945
