time,cpu_index
432,265.82399070761437
433,277.1490359479416
434,272.84954590677285
