time,cpu_index
429,219.4547026737787
430,270.86372078352457
431,259.8238530371735
432,246.6027546862949
433,220.4746335755189
434,253.71843547606144
