time,cpu_index
429,235.14434015204066
430,268.10804565203273
431,256.52195042054717
432,223.66564507768211
433,198.24280408209265
434,240.87834945210565
