time,cpu_index
432,238.56725559380232
433,205.8801300696168
434,220.82427652783468
