time,cpu_index
429,263.02667180465477
430,266.2489931463199
431,262.71725160848996
432,262.9621828386966
433,273.4635877764958
434,219.04619050684911
