time,cpu_index
432,257.4905351765547
433,235.70231569726334
434,237.42284491914597
