time,cpu_index
432,101.40858088079123
433,101.89906520026126
434,102.13814669588919
