time,cpu_index
429,100.50404087423716
430,99.75286098751506
431,99.67528131080093
432,99.70216267816137
433,101.44191026143673
434,100.95754982813754
